MoleculeId,PredictedProbability
1,0.7292541511869539
2,0.89885716496683
3,0.4498798148821653
4,0.9227268778073996
5,0.19619524521396156
6,0.34104526438608734
7,0.8742362913037074
8,0.728814665645846
9,0.8556991269432385
10,0.19152797386633344
11,0.197331307849283
12,0.5856903153407159
13,0.7674282837360594
14,0.732526686843523
15,0.26924220448325836
16,0.3000405327334988
17,0.18350005200620437
18,0.2807585249549919
19,0.29733408385243854
20,0.6221328205603361
21,0.1861060447889933
22,0.6556036497808979
23,0.7895423586161104
24,0.8841620359555598
25,0.9451869082314963
26,0.8414776993522479
27,0.3165869908788537
28,0.15502961831795894
29,0.1072331553195426
30,0.2607155532516542
31,0.2683905203437862
32,0.13181058760509567
33,0.8587554716203674
34,0.4419810308094807
35,0.43011383670432496
36,0.8150774569111789
37,0.6063931317213779
38,0.807591568573135
39,0.8788961828019854
40,0.929171393341537
41,0.15861474090574987
42,0.10180447529079693
43,0.8659914039082116
44,0.8406654122397804
45,0.09940445746186724
46,0.5808473089977255
47,0.8449862716713515
48,0.4254171867568756
49,0.8084494422136275
50,0.7917994493177835
51,0.8627593668187219
52,0.20871530814829367
53,0.7994194502756702
54,0.13870371199650544
55,0.18888225069209288
56,0.8554734753190645
57,0.9137392512423129
58,0.9144559021147428
59,0.8713979427471937
60,0.6107188508476531
61,0.7347895902675271
62,0.8476081197502712
63,0.2832141410219036
64,0.11532911229686654
65,0.13091878027901604
66,0.20680231215510222
67,0.42314504855240453
68,0.1468903627128726
69,0.15753602290260216
70,0.38558349404156605
71,0.8284655010688856
72,0.5861417050807639
73,0.8046472950907289
74,0.9602172115825222
75,0.4653532151402419
76,0.1503579363598901
77,0.9385066893876193
78,0.5799124880397305
79,0.8038373956828632
80,0.11733034409713601
81,0.4200963793693114
82,0.4071899829557427
83,0.18307166562076946
84,0.07149429845061656
85,0.330354764525681
86,0.7818795957804813
87,0.5466016530871798
88,0.7109190500404795
89,0.9266289041921115
90,0.757461285674301
91,0.7716512200212406
92,0.3579373086211915
93,0.09967416123550654
94,0.08395910919454751
95,0.4517286384058861
96,0.20874850316770482
97,0.5732345418554703
98,0.6117369814131914
99,0.8760311673014849
100,0.8989721683479122
101,0.7859892442228097
102,0.8002367109271323
103,0.8594970337775438
104,0.5865225267111437
105,0.3092912324636134
106,0.2163162629097159
107,0.7408409942773206
108,0.706349966806671
109,0.9133347465426022
110,0.25617971391224986
111,0.7675972489835933
112,0.7842586541617893
113,0.5224413426544523
114,0.758426954628189
115,0.8433668014712572
116,0.15149108887125698
117,0.7442286371551043
118,0.3271816322344145
119,0.8654420159148414
120,0.19140003849054735
121,0.28040392561758803
122,0.11789856940593693
123,0.8230153370570316
124,0.42601155120637335
125,0.8110298458433144
126,0.2525256931618212
127,0.6821534201764469
128,0.7474090164496133
129,0.44619936013644945
130,0.08942974321217671
131,0.08849088528277131
132,0.21902087835500605
133,0.1391841327403113
134,0.8888733121650533
135,0.3038048336494889
136,0.9053048778257771
137,0.1667723383082789
138,0.4837542029358832
139,0.6096331955806803
140,0.7901720710292741
141,0.8362283323784085
142,0.9199929250409675
143,0.8290729564351245
144,0.2576942712832248
145,0.921361677342
146,0.1437446691025839
147,0.5845484047893714
148,0.8783677414859888
149,0.7582429080942019
150,0.16301562336034747
151,0.08740954152941667
152,0.580106207657217
153,0.6046273941518207
154,0.9178163481189395
155,0.9051166140268558
156,0.786778093711044
157,0.6353658746345487
158,0.8676631768175335
159,0.6905554361600732
160,0.16355012383985795
161,0.6464052428578266
162,0.2584095175493446
163,0.2721809066021146
164,0.8788458374064249
165,0.8278639202664875
166,0.24300276844833035
167,0.5512406678355456
168,0.8503324795885885
169,0.19226387906461295
170,0.8460062617364454
171,0.8396374265477061
172,0.9030912500158044
173,0.19636051132325855
174,0.799422991853263
175,0.2921220275847086
176,0.7913420889849845
177,0.37787920115300316
178,0.08842328554856282
179,0.2986646140606209
180,0.27793216672815485
181,0.4298219945618375
182,0.8572264561128315
183,0.6728598649006887
184,0.2210101382070393
185,0.8915753303169874
186,0.3595802260986548
187,0.8872971107461692
188,0.3671885309826808
189,0.9180318624656992
190,0.630103779402695
191,0.45431847750100374
192,0.7462196770245694
193,0.1962449639805892
194,0.7180993279735782
195,0.8931901130331399
196,0.15196395183232764
197,0.898929699778695
198,0.7786008220863225
199,0.5234124625530538
200,0.6621122460847297
201,0.8267645181412527
202,0.25268810434212735
203,0.6295681351440363
204,0.20166528461539057
205,0.9006242050264153
206,0.7332542191390703
207,0.27643213120986887
208,0.862325818131103
209,0.5946754344221087
210,0.2083106886804323
211,0.8652486682995285
212,0.8332213088734534
213,0.8476672885455645
214,0.20017931027187832
215,0.8616835164498713
216,0.8843157310921446
217,0.8583593830261533
218,0.7910448204304744
219,0.7258511638276232
220,0.3242216718683839
221,0.8274305749479485
222,0.3332695590462917
223,0.17061363121751966
224,0.8862516081981914
225,0.3880249320440152
226,0.2951468696173934
227,0.1658740196417001
228,0.9168421198166068
229,0.22962960870012988
230,0.46600530137727425
231,0.7089316916407188
232,0.9031607623012639
233,0.4915164643624138
234,0.246357391676061
235,0.8441436208721851
236,0.8764277948387659
237,0.23269593921914736
238,0.3727451675340847
239,0.8356204890889465
240,0.8049570113755533
241,0.21080559691816356
242,0.08621167490886551
243,0.7276105417207632
244,0.3819931966650032
245,0.681933276232185
246,0.838018379769526
247,0.16135325699558956
248,0.19281059014506055
249,0.8860459324749679
250,0.13407775460472443
251,0.8460381160689496
252,0.7788309083533568
253,0.44785875182969
254,0.5700716375758478
255,0.8287484121704148
256,0.8493503796948108
257,0.13165560725741382
258,0.30662823945179285
259,0.33618323991963034
260,0.2103023950568591
261,0.2923824591711041
262,0.15953576409975703
263,0.46101277047198924
264,0.21444268896531413
265,0.11040040666567821
266,0.7946571826511019
267,0.4903907133139306
268,0.17039735999088032
269,0.7943896306386293
270,0.5736629802856951
271,0.8937644672099431
272,0.9047067331749741
273,0.7268173970656182
274,0.3826322646809125
275,0.13176245503718625
276,0.42750276082554856
277,0.8869765993220031
278,0.3268637997917241
279,0.8610410928950395
280,0.39083389777708694
281,0.10306702538839027
282,0.7806749543109388
283,0.6488149473585951
284,0.07880006822927892
285,0.5311285282803114
286,0.9086947994385537
287,0.887278436846751
288,0.8214121001933515
289,0.8827365391908298
290,0.09219527488415272
291,0.18023909653261433
292,0.2095578970405204
293,0.7551835355621387
294,0.7881923896572061
295,0.08020578781281455
296,0.5089189939739226
297,0.06672920495359343
298,0.3816235190802379
299,0.9002698821519999
300,0.7544781120157895
301,0.6772572593303059
302,0.25488100768241867
303,0.6869374783473028
304,0.9434421882155712
305,0.9323984965160217
306,0.8472169442306912
307,0.24605110818979312
308,0.771088126959463
309,0.690211391278236
310,0.6870040369837063
311,0.8710584860976452
312,0.6807421303702661
313,0.7843606845892789
314,0.08714685468776803
315,0.8954946347883395
316,0.2595361031246957
317,0.8790125735311396
318,0.2682329840133114
319,0.18670832270742516
320,0.22811773107554612
321,0.27659474253498806
322,0.5420289993877265
323,0.8614081882711225
324,0.10887755425675395
325,0.12476910272231126
326,0.8132808908437361
327,0.9018870258892643
328,0.8041659765422849
329,0.27082186676335246
330,0.894947808998157
331,0.5533258181015889
332,0.7798930229602417
333,0.7492655472546755
334,0.18554552889095502
335,0.5461265708040336
336,0.7820112115734127
337,0.8268422371437818
338,0.18272945635517163
339,0.13447509428370577
340,0.6816848536149618
341,0.854870529132965
342,0.6661195099946652
343,0.15122580184362408
344,0.4830394798620758
345,0.8351348987763042
346,0.8752052934961561
347,0.19356748649108238
348,0.30044985093680787
349,0.2567451992170202
350,0.5996997825018883
351,0.19681476391795624
352,0.3581468837222913
353,0.8078115755942167
354,0.22226247202080213
355,0.8190024209265783
356,0.7723462616795046
357,0.8150509417641821
358,0.38670891451436284
359,0.23010300520949878
360,0.6411206916817392
361,0.6821338934245483
362,0.6932664380239387
363,0.7987127870921397
364,0.3631116837112242
365,0.8063362493796031
366,0.798089907403155
367,0.6653919619919078
368,0.7107149928289951
369,0.06998218143667653
370,0.17039450343231244
371,0.6134703269669778
372,0.22375911985931968
373,0.40516160143616353
374,0.3451729821002641
375,0.7757916304940484
376,0.8007358159689947
377,0.799178127818465
378,0.7857487725331058
379,0.8633513107209957
380,0.09297582018202251
381,0.8767557652131358
382,0.9379139627070261
383,0.8917708234186876
384,0.6148268363133323
385,0.8533236790719253
386,0.8391634309835805
387,0.13056257659811626
388,0.23785075449114465
389,0.20940171603550933
390,0.8095122299901456
391,0.23940948117724062
392,0.42531388525007646
393,0.39195716017143806
394,0.6649086934676101
395,0.9051166140268558
396,0.18505748542959657
397,0.1109339706761085
398,0.34659189081735564
399,0.5452075753406679
400,0.8321327727692791
401,0.805875693683182
402,0.8209469588454772
403,0.17286615698989583
404,0.9089391857886667
405,0.6485827597522028
406,0.20254596328106542
407,0.8873203312758537
408,0.7545623910989099
409,0.18239247304581954
410,0.6244200155441842
411,0.7782163728991175
412,0.830704308626622
413,0.9046985513935581
414,0.3974553432845536
415,0.7891880587206728
416,0.9113296522468305
417,0.14473419932144507
418,0.8205093940294592
419,0.41065804909057346
420,0.18015146223877052
421,0.2707589984563586
422,0.30360023939938036
423,0.7738649081180752
424,0.5502650831065394
425,0.8503499858084385
426,0.1659645589487143
427,0.8017618583598012
428,0.8259773341317935
429,0.6568189244848265
430,0.1284850986441949
431,0.5809621496414386
432,0.7495484478707464
433,0.5173812829598351
434,0.29490190981288406
435,0.4401578919235639
436,0.1721984514005384
437,0.48571065973144967
438,0.6385041019045654
439,0.16414001549598217
440,0.19762481816984512
441,0.7597103399892002
442,0.8680248640962688
443,0.9099041029952868
444,0.16316710072702
445,0.7470222807999716
446,0.7151149359206791
447,0.37029103706688127
448,0.10993010443373032
449,0.1988233098069336
450,0.8260120974648885
451,0.8179163147278747
452,0.7407268982563696
453,0.5920724354198289
454,0.9017997607076388
455,0.8352573221693899
456,0.6492208510519581
457,0.4089722160646668
458,0.6805138327992561
459,0.1391175174187602
460,0.5243078577413406
461,0.20455386914191248
462,0.8910373179638156
463,0.4677780437151887
464,0.839228055096359
465,0.549612998752061
466,0.26451490257694427
467,0.1509706863509741
468,0.7307820896039608
469,0.4657378751933604
470,0.2935155158444689
471,0.1244452768356386
472,0.9352632218853595
473,0.1417354807011641
474,0.36129903215815135
475,0.3341810430778028
476,0.28837596991237163
477,0.8621015087653472
478,0.1271135800037177
479,0.23329989653591984
480,0.12160100298456485
481,0.5415913975357283
482,0.5014281931706025
483,0.6800174567080561
484,0.9108875871132671
485,0.23765247709215623
486,0.6987507969677503
487,0.778446470900397
488,0.28395364849502625
489,0.8311889672471133
490,0.7123598078784943
491,0.4258610701497522
492,0.752131850964568
493,0.768408527521803
494,0.9272234401332905
495,0.524448171142014
496,0.7341830851572195
497,0.44123238989251756
498,0.4191567356264384
499,0.4045270608029488
500,0.1159711442011851
501,0.9355157526933733
502,0.8526243793671046
503,0.83028474530146
504,0.1640230545365823
505,0.3965455936672129
506,0.7896464218459289
507,0.23803698470260942
508,0.3999870817803334
509,0.49209021512035805
510,0.16495798084229965
511,0.8520503328364428
512,0.5653692783072665
513,0.6102739255138148
514,0.8815695452488551
515,0.9103303012895235
516,0.1519877156641062
517,0.5654872143606339
518,0.05784438609463557
519,0.4011212826593224
520,0.8867548308695334
521,0.5397647951752194
522,0.37451383276854766
523,0.799393311939939
524,0.39242023986506963
525,0.7823029424912271
526,0.42047160088591556
527,0.7649401507064828
528,0.7341594383683707
529,0.2370599372608438
530,0.13960428847725842
531,0.8119349386061793
532,0.18285405150484937
533,0.8425432973652982
534,0.1165860375483973
535,0.1271002789635131
536,0.11140196495200178
537,0.9343867314612208
538,0.29849429541474165
539,0.8964020857416514
540,0.33514803196659165
541,0.12721452286048995
542,0.16130224009400881
543,0.7481018371452025
544,0.5982886081831486
545,0.6278678263239976
546,0.7961243437626827
547,0.8419679929433717
548,0.7297249012362594
549,0.8094358848418074
550,0.8860253075137496
551,0.8641170858398894
552,0.22648399122399665
553,0.1817821792411992
554,0.1953379457232598
555,0.25121977526771316
556,0.9348906710181976
557,0.22844564900200864
558,0.8121221478235978
559,0.6386146099763519
560,0.8543660609310586
561,0.8972198693827139
562,0.8643245436702568
563,0.8051707933163061
564,0.23960746013873543
565,0.579603072768901
566,0.2928276511254896
567,0.3839731287685135
568,0.7731492488994769
569,0.8999938215951193
570,0.14074924320586132
571,0.7344745912030253
572,0.7750231626798391
573,0.16964346271072123
574,0.8672551293067263
575,0.31370810960662965
576,0.6598914583710912
577,0.9292950788924074
578,0.1717629224476487
579,0.44520327268103405
580,0.1685509588345009
581,0.30501540291995033
582,0.8432474920139502
583,0.22033990956557223
584,0.8866701695903364
585,0.41729478225589683
586,0.33443907442915416
587,0.7799035143069563
588,0.40871860553612005
589,0.17332793537626295
590,0.8972194630450122
591,0.8085398917432473
592,0.1093568732171538
593,0.8903894192738898
594,0.889466673693472
595,0.6263710618908251
596,0.1700002747386789
597,0.2794026442312309
598,0.8352513546177186
599,0.8960569482929672
600,0.7756753728171
601,0.21464964630578057
602,0.6131776623252216
603,0.8193306292519305
604,0.7179366701345985
605,0.6847910459380879
606,0.13394623407046258
607,0.714002500477182
608,0.24596708727464126
609,0.2840958875835785
610,0.4000410442749287
611,0.5762036170040938
612,0.9358355678167904
613,0.24713930439626836
614,0.778910216761254
615,0.8404972998507708
616,0.2098431405533807
617,0.735413031675786
618,0.5160272361062996
619,0.34367466597343505
620,0.7428444155183225
621,0.8284166753890224
622,0.7881110248854971
623,0.6862042071817899
624,0.20676435505609594
625,0.20579667227074375
626,0.8442175345796319
627,0.16707580211678247
628,0.5777376584508782
629,0.19840852135239218
630,0.1484990794042177
631,0.3122555247702551
632,0.7453129747723387
633,0.8529618441038304
634,0.49640122961994326
635,0.7667667932536198
636,0.8328299411677442
637,0.7637595136148007
638,0.2514597160539837
639,0.8065739394112966
640,0.3489815111323914
641,0.28806994312648343
642,0.6834819869786938
643,0.27396848259542
644,0.19009026708392873
645,0.08897106292157415
646,0.4636072720033556
647,0.2674719736578982
648,0.8285028859493884
649,0.34210692409143906
650,0.5716035234620176
651,0.8724227189577101
652,0.1759402594051537
653,0.12493636201555379
654,0.15779361630566707
655,0.13158163111859686
656,0.8158641522120231
657,0.8469528209230455
658,0.5408215381597195
659,0.5435244295625781
660,0.22164792519558882
661,0.4068284641479213
662,0.4813817261494472
663,0.14471856747097145
664,0.7093714599891258
665,0.8416859240636774
666,0.6724282029201926
667,0.11166468023890672
668,0.866344551137642
669,0.27831227330458463
670,0.6198580916165762
671,0.10800980757136053
672,0.7866156949498614
673,0.8094109870529511
674,0.7782163728991175
675,0.6978716566908716
676,0.20739078643169634
677,0.27823299093784537
678,0.4243182028460405
679,0.7617009885187626
680,0.08056950959874247
681,0.19991390030115216
682,0.8028178989595033
683,0.23731563553181376
684,0.26612559671690844
685,0.8802781609395086
686,0.130868364468285
687,0.4448692245881834
688,0.6444486974997438
689,0.1932076903511158
690,0.5176698920770464
691,0.8587015835148746
692,0.7190018067237265
693,0.6668646180599087
694,0.748653725170371
695,0.23678110803926036
696,0.779877345295586
697,0.7574409802964713
698,0.3672053435783794
699,0.8233217921846465
700,0.39894988725426866
701,0.16088196680738165
702,0.0937198803290006
703,0.7779110543433602
704,0.8503165876765325
705,0.6580546580148084
706,0.1818837910861301
707,0.6238985384462092
708,0.825122154468969
709,0.8576667920287079
710,0.8284166753890224
711,0.059339571490273274
712,0.6822771739544442
713,0.6709436629647353
714,0.5119867582943022
715,0.7785890263529918
716,0.6488149473585951
717,0.5501446135354594
718,0.8338538022879389
719,0.8828882977341109
720,0.8655630873829498
721,0.8817659914938976
722,0.7900570141763879
723,0.6431446700522009
724,0.29478914987205146
725,0.8028268814655928
726,0.11596030013391126
727,0.2877611662726825
728,0.16345646893314006
729,0.18098594793074718
730,0.7441487758425672
731,0.5934559580594607
732,0.6512409841855765
733,0.8633278574354155
734,0.16100262624189884
735,0.12590310289522963
736,0.23639649064785728
737,0.17388165770880729
738,0.2817060838067481
739,0.9048814779072147
740,0.8074442800360484
741,0.7678065435658438
742,0.6583277442453257
743,0.34475187058314233
744,0.8049557861677091
745,0.4087386444431385
746,0.3314668028246641
747,0.21829530581642181
748,0.5611987232967401
749,0.8836713766074616
750,0.6819430524094071
751,0.12613133206016855
752,0.7654874320130237
753,0.7841045487366962
754,0.7029772962268455
755,0.8094170308104108
756,0.6265118561790879
757,0.6902892552476944
758,0.3833100055442885
759,0.8972198693827139
760,0.8326388340410862
761,0.7994194502756702
762,0.8561234459798581
763,0.8515147994126786
764,0.5385350848062714
765,0.7893751856530987
766,0.5299742029264773
767,0.5344758282117081
768,0.5701739390107657
769,0.7566242369434222
770,0.6748296258504023
771,0.09533621420729504
772,0.713036736922223
773,0.215911175893866
774,0.1478675002672398
775,0.8841009404303529
776,0.9213123441692742
777,0.18956577984212664
778,0.3326557378978357
779,0.32543141657567975
780,0.8918544745125074
781,0.8038575311078959
782,0.8996598747407406
783,0.10801509946670422
784,0.9052466165044014
785,0.20485218076057735
786,0.8955006289184487
787,0.695000213675538
788,0.6692903575396457
789,0.3443431040468731
790,0.1746576286248016
791,0.2532961601265196
792,0.09272969711882705
793,0.5227197489920232
794,0.22844879795598136
795,0.5953863666120383
796,0.8668131690696452
797,0.8383876267778925
798,0.44281846326623986
799,0.7515932756550346
800,0.9477520290488591
801,0.08533599815650213
802,0.5883777044486688
803,0.6658302293857923
804,0.8245461470264247
805,0.8928703778799998
806,0.20019158169789153
807,0.5562954483645952
808,0.15908941819891662
809,0.24233762447670967
810,0.23188972165737212
811,0.873867864483729
812,0.6577028557120698
813,0.5141125964968719
814,0.853754067726149
815,0.16327558488166238
816,0.8485680206106525
817,0.2997336781281623
818,0.9150946801063833
819,0.6232491092568351
820,0.8917017648789308
821,0.06824429892674312
822,0.7327845621763449
823,0.05978139173077624
824,0.15777169662682328
825,0.18193263127964693
826,0.9331002564188211
827,0.6046942899129208
828,0.894947808998157
829,0.8038445570090226
830,0.8856737064772073
831,0.38327452493444303
832,0.819433827104889
833,0.2349818565846968
834,0.921781943486158
835,0.16954717957926496
836,0.41315071420053096
837,0.8583171616663858
838,0.3185791763306085
839,0.7298452715817505
840,0.5242978066692381
841,0.7312970061439914
842,0.11012118968571198
843,0.2770790535159654
844,0.23390392748785724
845,0.7740930177571723
846,0.7745782800992349
847,0.8887752180784686
848,0.6414459686202317
849,0.13890323552590927
850,0.22413339170320437
851,0.7688578408463164
852,0.9108942898243279
853,0.8862516081981914
854,0.2119279315954509
855,0.8603269691568033
856,0.436031738977473
857,0.7392917716116872
858,0.8008311941050064
859,0.11989790812103326
860,0.1358240002496174
861,0.466041690327973
862,0.6611654956780545
863,0.7606543625670252
864,0.7657900560275432
865,0.22911708831630787
866,0.16839892538896678
867,0.8459337028945028
868,0.7729569696829349
869,0.8320539556785884
870,0.7621234407809266
871,0.33244369032817056
872,0.9105911249766715
873,0.7347895902675271
874,0.4035528171035323
875,0.6118012152416308
876,0.14605727643944139
877,0.1889263330854436
878,0.7956901030876106
879,0.7788917947238672
880,0.27812844625610755
881,0.9185990425646114
882,0.5620512066257564
883,0.7741915244529364
884,0.17630937850235648
885,0.1786506029973587
886,0.16866199585411043
887,0.543597936304346
888,0.49140422645454107
889,0.16555974873755416
890,0.21864169915596296
891,0.6838083118961366
892,0.7899606732749684
893,0.87329733764471
894,0.2945952102208838
895,0.5601937357638108
896,0.8347746588880935
897,0.7602037033945378
898,0.45273033904040244
899,0.09275188452841601
900,0.8902759349664133
901,0.07943167653463652
902,0.5089438386530268
903,0.20779031486881097
904,0.8518331725369982
905,0.9142324097049246
906,0.2486478233967831
907,0.6558920930262733
908,0.783489132735694
909,0.7886087131303727
910,0.17629057581444826
911,0.8197278944181842
912,0.7528508893809909
913,0.8735693647251995
914,0.6748561299331116
915,0.8908344107646737
916,0.7681842446075968
917,0.15758569704799524
918,0.2826892466703294
919,0.573304290635882
920,0.18949713681785882
921,0.7329287737471833
922,0.8515732272840819
923,0.08603128001264436
924,0.7632428298275256
925,0.900195960618992
926,0.1937817184895762
927,0.4113053997946678
928,0.23244262518355474
929,0.1395315171188572
930,0.8847933238637052
931,0.14488602981266793
932,0.2358190706832861
933,0.11787539539669276
934,0.8272866162591715
935,0.8212406198552044
936,0.1584172342180164
937,0.8712168281159813
938,0.7299931402793683
939,0.920887873639273
940,0.29959635430452375
941,0.7407268982563696
942,0.4689096527895321
943,0.15236681658248807
944,0.3121403781283424
945,0.7301872977700152
946,0.8365611483709195
947,0.1146679539191201
948,0.7839649622936915
949,0.1971149433668395
950,0.7753791472255565
951,0.8289688951013627
952,0.6662571842184538
953,0.12647203568496493
954,0.16543815275430404
955,0.07324359393466877
956,0.229565730756351
957,0.40836587081768816
958,0.37267735055040785
959,0.18084544212830114
960,0.4537708419336951
961,0.463447129107231
962,0.8648317407943925
963,0.6892083417020424
964,0.8973135835609253
965,0.17870779609514947
966,0.7692742862539673
967,0.1415789528728902
968,0.8615782206227137
969,0.30973702049245344
970,0.1706916389890572
971,0.21997160573847344
972,0.22445488463386268
973,0.8710584860976452
974,0.6499476346598888
975,0.6970000500365294
976,0.631120440843992
977,0.7936030905356152
978,0.15052476714273508
979,0.8660477268172695
980,0.444241017344864
981,0.28806015528277745
982,0.204575825683962
983,0.8404346538429681
984,0.8198120584512619
985,0.37072668883462906
986,0.1319331150885732
987,0.8116757192441058
988,0.7847266794912345
989,0.1343798762931646
990,0.5658923025434152
991,0.8100586128943305
992,0.24786577169696983
993,0.5966277558477957
994,0.19595020353824108
995,0.4286580790380429
996,0.7536600367467835
997,0.44550435736795496
998,0.20806264226961887
999,0.7977739648839423
1000,0.5958859217834782
1001,0.20055949921873711
1002,0.4305062039033848
1003,0.8954219217450037
1004,0.6294414099381481
1005,0.788550751884045
1006,0.3732652849833436
1007,0.8032030346931816
1008,0.7633821451820915
1009,0.7076515799112112
1010,0.1516942622394838
1011,0.5648770345346317
1012,0.22048369267731072
1013,0.2804322656492577
1014,0.5202445641275177
1015,0.20237468668227263
1016,0.6664418749548995
1017,0.4055213819072315
1018,0.7800112064252871
1019,0.7328939171525618
1020,0.3542144480693665
1021,0.5191868990664612
1022,0.8823140436545872
1023,0.7789768730258275
1024,0.6934470161629616
1025,0.8027436433321079
1026,0.23827618421672694
1027,0.18073913357008245
1028,0.7434030642255325
1029,0.9302856911441824
1030,0.7505020267491676
1031,0.3975947847179635
1032,0.46354294279620517
1033,0.748653725170371
1034,0.17336656183707774
1035,0.8436000601281682
1036,0.6147228550006343
1037,0.16877853497582668
1038,0.7467150946257312
1039,0.6218372674435549
1040,0.6332443091504282
1041,0.3716934240616609
1042,0.9575912472656679
1043,0.883834846960602
1044,0.2062268519776449
1045,0.6057043980653763
1046,0.8530637783727283
1047,0.8491916360718048
1048,0.6038135473606921
1049,0.23202420994721507
1050,0.894014600477899
1051,0.254633786493313
1052,0.27053213567264894
1053,0.9117833142457286
1054,0.8130160236837506
1055,0.8430406740543667
1056,0.939860861626443
1057,0.23209767404180107
1058,0.7917776395093713
1059,0.177154047325537
1060,0.4579827402968806
1061,0.16545478950197282
1062,0.1493129896136794
1063,0.9411954225084753
1064,0.1567215437826393
1065,0.41967705806338956
1066,0.33143974113089836
1067,0.3533892065804694
1068,0.8596794449975278
1069,0.28134837428403914
1070,0.47323985918286277
1071,0.44481103074341743
1072,0.7587079317609389
1073,0.9001529661440718
1074,0.6617018047596329
1075,0.732482508824563
1076,0.7414425061323264
1077,0.8507769680215991
1078,0.6273811686250991
1079,0.8140104212884656
1080,0.8864928961612504
1081,0.7903083025639382
1082,0.16319001476806272
1083,0.543597936304346
1084,0.7145758656311394
1085,0.2315954701537354
1086,0.6560324934454095
1087,0.2028965959594209
1088,0.8760429694210966
1089,0.8741699758141313
1090,0.33775620397932793
1091,0.9577866485017286
1092,0.9201748420864784
1093,0.8299216523416487
1094,0.8209714135360302
1095,0.8857821533583826
1096,0.6032229883374534
1097,0.8724227189577101
1098,0.32005310848779533
1099,0.28866391512925293
1100,0.9480948325825843
1101,0.23245553209777767
1102,0.737130452337108
1103,0.8399860721447495
1104,0.17000614277010226
1105,0.12317441129342341
1106,0.9119128308118224
1107,0.2851315539066324
1108,0.23763167786064537
1109,0.21659813843544637
1110,0.8015655561236811
1111,0.10388524053579276
1112,0.896775336106973
1113,0.7783719305433594
1114,0.08303751933730703
1115,0.8646260135930398
1116,0.1760593958445334
1117,0.9293426763310555
1118,0.192158804507085
1119,0.15285972815409354
1120,0.24899423609248442
1121,0.580038553821751
1122,0.7575767052244473
1123,0.8534663420394268
1124,0.48066490205366436
1125,0.11047287474135747
1126,0.8547357999020199
1127,0.1901899172653499
1128,0.7947891397669806
1129,0.29814679196766014
1130,0.26004616085611043
1131,0.18615217743415124
1132,0.3075581821643976
1133,0.9079290304199524
1134,0.6337056537692137
1135,0.27988688220700314
1136,0.15883302907973834
1137,0.6605360998532306
1138,0.7522794723237819
1139,0.8663099896013718
1140,0.4075743749653736
1141,0.3706266674128242
1142,0.824029224912881
1143,0.7837411753387754
1144,0.31287010949948657
1145,0.22652569230174913
1146,0.9192939695492974
1147,0.8730266049633754
1148,0.1691175480034319
1149,0.8350501920468684
1150,0.9107622995655547
1151,0.6518193488595131
1152,0.8223959628642518
1153,0.21790594862645857
1154,0.6620112855585121
1155,0.8751705645912741
1156,0.6092728548597919
1157,0.0811218565254115
1158,0.6725306981754855
1159,0.08691512060700558
1160,0.873755487391451
1161,0.2432082648952221
1162,0.492296049422429
1163,0.6627829046627768
1164,0.10261340205528766
1165,0.5022282853294351
1166,0.10634380727504554
1167,0.8992281825808114
1168,0.17474029819086437
1169,0.8967930142704501
1170,0.209403016273224
1171,0.7547711034206731
1172,0.7685436279614803
1173,0.16029075970956475
1174,0.7306587162805628
1175,0.8970491807304759
1176,0.1086509797371478
1177,0.6106521537950054
1178,0.8390342966999462
1179,0.22427094610726286
1180,0.1389912432221768
1181,0.7786330986335859
1182,0.6461698857153616
1183,0.853243654735889
1184,0.1672744604157136
1185,0.6618302358386252
1186,0.7110993810923575
1187,0.31802902795380517
1188,0.12257323723056177
1189,0.9050475114295761
1190,0.2703661991638369
1191,0.13351346914683418
1192,0.575072029846129
1193,0.8734101793029433
1194,0.22840199153422341
1195,0.6972822844997472
1196,0.1069552619794303
1197,0.9502062992283626
1198,0.9044397015229241
1199,0.9461261422176063
1200,0.19649202789766373
1201,0.9083522949575789
1202,0.5047845005702035
1203,0.8780907588690028
1204,0.4597959890014546
1205,0.1808448490928335
1206,0.8035260799960244
1207,0.22193813104156107
1208,0.5997794632711319
1209,0.20485218076057735
1210,0.9148093279263143
1211,0.08923025882604706
1212,0.6987187599850708
1213,0.16989866179752247
1214,0.6206204113813896
1215,0.4162898700648935
1216,0.7982956581867723
1217,0.5559054374999087
1218,0.9124093835208599
1219,0.5124379391343659
1220,0.49206893912630334
1221,0.8834693368745621
1222,0.9074870319588058
1223,0.24354355380980153
1224,0.7091997973716123
1225,0.6625722449867812
1226,0.16421655512612351
1227,0.8879673917731786
1228,0.755289151157736
1229,0.9242834570951358
1230,0.7681700080388737
1231,0.5911829265897023
1232,0.760101443191364
1233,0.8013307385739906
1234,0.26593807759621124
1235,0.5318157104388743
1236,0.4774556636335355
1237,0.1441266755206398
1238,0.7796272160678928
1239,0.35143270615864003
1240,0.15272553640867118
1241,0.5994549300787775
1242,0.3648642408512183
1243,0.0796359405915267
1244,0.0702831705265324
1245,0.4917922634623472
1246,0.18125081897493547
1247,0.09366061192404826
1248,0.14793398889636095
1249,0.953983213948736
1250,0.7734926229472088
1251,0.2599432310179242
1252,0.617864833330432
1253,0.5865894892755908
1254,0.27240497215497944
1255,0.8321193964442207
1256,0.7413706749900231
1257,0.6749468296142931
1258,0.7361822575419283
1259,0.7470991300274127
1260,0.8742687405851808
1261,0.7652335682153869
1262,0.8807987762982176
1263,0.7083874849103929
1264,0.6013631145978564
1265,0.8756683982832703
1266,0.8746723002587018
1267,0.873755487391451
1268,0.8724839973610747
1269,0.5392506274045189
1270,0.2827637033756529
1271,0.30779017642441536
1272,0.8468903466939144
1273,0.5819959907894875
1274,0.7769997842334343
1275,0.8674955953934896
1276,0.2120007363179922
1277,0.8444011155576497
1278,0.9519241093901093
1279,0.7755540885575817
1280,0.7523011007672172
1281,0.8788961828019854
1282,0.8087732915084521
1283,0.767955024625614
1284,0.2215568939684744
1285,0.6232518179843533
1286,0.7370132706959813
1287,0.45212657067733775
1288,0.30978474676891105
1289,0.5719192799192396
1290,0.8824607001660559
1291,0.8472315787196684
1292,0.8018489748764694
1293,0.21659813843544637
1294,0.7351526333059794
1295,0.8223115761310406
1296,0.11087899942131114
1297,0.12731013767267685
1298,0.2878301716557839
1299,0.8446049227735847
1300,0.20757041208822918
1301,0.19953282491863897
1302,0.1270338259710977
1303,0.8777249015906541
1304,0.5242978066692381
1305,0.2298568083688931
1306,0.8309627256170072
1307,0.8229251420935427
1308,0.66326902905504
1309,0.8763021631067508
1310,0.75168961203807
1311,0.7225951040130292
1312,0.7754173379357724
1313,0.3016824553704942
1314,0.701059062757406
1315,0.6214994234612053
1316,0.16425769147433217
1317,0.3555909375913188
1318,0.13539082572523198
1319,0.11315706449526348
1320,0.3202344614395942
1321,0.8445241029952261
1322,0.16444430041559482
1323,0.07332046914788244
1324,0.6811481428309816
1325,0.6246510147177712
1326,0.9054569157686114
1327,0.4124943501475171
1328,0.21724578478073453
1329,0.3664999438621851
1330,0.8630341398768021
1331,0.479624127547099
1332,0.6797578143745227
1333,0.838919670266573
1334,0.31970138508161666
1335,0.8214789833095288
1336,0.7885544782346606
1337,0.1382288999490084
1338,0.2081871700056168
1339,0.3931931295815539
1340,0.32305553293077166
1341,0.8087819221526094
1342,0.9193172931917577
1343,0.8636977962838497
1344,0.7849291994539241
1345,0.8427676426009509
1346,0.9269703148343712
1347,0.2707961575562278
1348,0.7093690123945637
1349,0.8362283323784085
1350,0.8401997466805221
1351,0.876903686928462
1352,0.1674097723825434
1353,0.6021447149233643
1354,0.8746232169576068
1355,0.8631839933711878
1356,0.2664255928141085
1357,0.5855037167255518
1358,0.10722890284450229
1359,0.17779743357592298
1360,0.6358176821977176
1361,0.9348735249222125
1362,0.6213364395031163
1363,0.4122774767463149
1364,0.820451422817792
1365,0.8468136183946315
1366,0.7382180249921593
1367,0.9093400427273054
1368,0.40882707837447935
1369,0.9210016127483649
1370,0.7545426582964947
1371,0.5086709951463155
1372,0.7980766566922343
1373,0.907844421015887
1374,0.10544349583662364
1375,0.5191064314997115
1376,0.43541630406768467
1377,0.9142228197983235
1378,0.6686051770768227
1379,0.0907055589213742
1380,0.4200858015227285
1381,0.8196202729676431
1382,0.4981038736909979
1383,0.9048377580422883
1384,0.35183208905574676
1385,0.14442694814010396
1386,0.8131179698361692
1387,0.7965563986501984
1388,0.819927118796726
1389,0.1203339426411662
1390,0.7853377711374875
1391,0.6135537067211129
1392,0.7684901115661142
1393,0.8987945503654278
1394,0.8415231425697253
1395,0.31548370223571426
1396,0.3082063910504596
1397,0.19265607625483389
1398,0.20905548555926967
1399,0.6950044585596256
1400,0.446541965313392
1401,0.2822008203760821
1402,0.9625737491558329
1403,0.8050367333893194
1404,0.2866941582078484
1405,0.13853046347762157
1406,0.8051326760104792
1407,0.19237857262831046
1408,0.8960554864513656
1409,0.8553068893995119
1410,0.8398779397275634
1411,0.17850120421487792
1412,0.41935069932277974
1413,0.8433433772656036
1414,0.6884651484846841
1415,0.8534449991922672
1416,0.09992806053713561
1417,0.20589672452295868
1418,0.8807214834283684
1419,0.4373155465464404
1420,0.7407268982563696
1421,0.14995263726961575
1422,0.5977283771638457
1423,0.9106558934650087
1424,0.24558462190045305
1425,0.49966163453158324
1426,0.5352962993277497
1427,0.16516806070708537
1428,0.15052476714273508
1429,0.0958897064913282
1430,0.8322288690756918
1431,0.773555738302568
1432,0.525781087308598
1433,0.15064429244514083
1434,0.11229008254074017
1435,0.4587745183394794
1436,0.40751627777292254
1437,0.18888115459218546
1438,0.8892498031047071
1439,0.08482761662685491
1440,0.9205549445634432
1441,0.7701166860112569
1442,0.5602757877215852
1443,0.6233661467031318
1444,0.22285839161679027
1445,0.3958294731305002
1446,0.3215022899245436
1447,0.11520035016562769
1448,0.1584778011538918
1449,0.9199536220725474
1450,0.7618381489138453
1451,0.7168645679822842
1452,0.18287488120518247
1453,0.5018474320149157
1454,0.18748665558178546
1455,0.5923945430844707
1456,0.7798930229602417
1457,0.8663216655986077
1458,0.30470744163327695
1459,0.8195988526816419
1460,0.4421140606250956
1461,0.6470990722023786
1462,0.8034761383358009
1463,0.49808579613202414
1464,0.7557864249445306
1465,0.9457628574520277
1466,0.2574501476650704
1467,0.869589599695102
1468,0.20830922189403
1469,0.38967319602421097
1470,0.8673195564276787
1471,0.7407268982563696
1472,0.35246717119924253
1473,0.6561098681623824
1474,0.44628232519212013
1475,0.5062157226801747
1476,0.20136523305071705
1477,0.8982679235942521
1478,0.23443300057998223
1479,0.3612180804626308
1480,0.5873854529532974
1481,0.1566999398077412
1482,0.41229975274703473
1483,0.6440568470915408
1484,0.802817007702466
1485,0.13634700132713087
1486,0.0973395622021495
1487,0.28760749311410755
1488,0.19252045623514702
1489,0.42208496130137324
1490,0.6509124940142849
1491,0.7997670048381708
1492,0.150411508040002
1493,0.9320088613001861
1494,0.15446544243295948
1495,0.866394237031184
1496,0.8826772323887926
1497,0.2624457831591429
1498,0.8879122585766995
1499,0.14945323065058239
1500,0.5569580343147221
1501,0.20838291967224445
1502,0.6377552926546716
1503,0.8131411059642404
1504,0.2877169707904583
1505,0.6278103411803817
1506,0.16538551939337653
1507,0.409310790771814
1508,0.8307804568222396
1509,0.7272559384410456
1510,0.7279197799320429
1511,0.654854594657033
1512,0.6869934578107586
1513,0.8660916496401584
1514,0.7474829529980455
1515,0.09811469070198245
1516,0.1576394990182552
1517,0.10360300788079957
1518,0.4015694266655951
1519,0.3378360985982828
1520,0.06318648378952979
1521,0.2088160161431283
1522,0.899312579121009
1523,0.19272604214435807
1524,0.09853058031205734
1525,0.8817131855805355
1526,0.08336115855268142
1527,0.30417577548386876
1528,0.8189378739299877
1529,0.9198263614306832
1530,0.38538639523594365
1531,0.7381272273289351
1532,0.8044252158043406
1533,0.6571272272953548
1534,0.11545986845407284
1535,0.9153392457180117
1536,0.59193468389144
1537,0.24331786476824527
1538,0.11486032384444635
1539,0.8774149640722777
1540,0.9257616792743427
1541,0.8967102411340694
1542,0.8342606824927526
1543,0.12388222925681608
1544,0.8325839930413145
1545,0.4907304556754592
1546,0.8418369755924546
1547,0.7747412809837356
1548,0.7630497447699546
1549,0.8166510093876947
1550,0.14081869013644013
1551,0.9059545967706841
1552,0.7594660917131956
1553,0.923353588471589
1554,0.7975952184436782
1555,0.7161257864362011
1556,0.7838821077498918
1557,0.2195004559620415
1558,0.749124444449273
1559,0.7768120457182739
1560,0.9248056115965619
1561,0.42632799134725563
1562,0.3496230916217162
1563,0.10659859913151616
1564,0.8741053415100873
1565,0.6502570135564272
1566,0.3022288392321809
1567,0.857061420752621
1568,0.17025963569062047
1569,0.7063699131400017
1570,0.6643443117117437
1571,0.9213123441692742
1572,0.6997262800227997
1573,0.9100920723207341
1574,0.35720898835605835
1575,0.1760593958445334
1576,0.7538087058035868
1577,0.9228981965700622
1578,0.7646251782192596
1579,0.7533910948083866
1580,0.8848068435622286
1581,0.7513737180704687
1582,0.48552643302386117
1583,0.8217681923908208
1584,0.8930870181525058
1585,0.8076093193774381
1586,0.40936956566969385
1587,0.8973871836712731
1588,0.7667298112722865
1589,0.2338573879719425
1590,0.19958030677614086
1591,0.10107624311792268
1592,0.5136894585963
1593,0.9070553424492686
1594,0.3792685976373804
1595,0.7773384746980647
1596,0.8046529389722037
1597,0.8197147941477886
1598,0.8345973738146492
1599,0.7675628496316689
1600,0.5899073719535664
1601,0.8113831870494672
1602,0.22352454170437977
1603,0.2213796381805883
1604,0.744601815207964
1605,0.3676464393920848
1606,0.11906680074850567
1607,0.8777627691186853
1608,0.14667864136411607
1609,0.8086031607043894
1610,0.8441475115293742
1611,0.7594660917131956
1612,0.887483657855023
1613,0.8882213052206926
1614,0.19794007108257514
1615,0.8176591257301403
1616,0.3894545259243442
1617,0.12721452286048995
1618,0.569431127101208
1619,0.8663198664566385
1620,0.9211119139150592
1621,0.2994557600956308
1622,0.6266837582503725
1623,0.163377628251877
1624,0.9377534562481554
1625,0.853754067726149
1626,0.15418767903594227
1627,0.18754275370778745
1628,0.30320255650436645
1629,0.9057073616833996
1630,0.11247991134335994
1631,0.6459396616082452
1632,0.7850246120749869
1633,0.7938318222824678
1634,0.3031743468938841
1635,0.37927911296501726
1636,0.401819164088916
1637,0.46067380181796674
1638,0.8639693294849046
1639,0.21615158095973755
1640,0.7155390563468774
1641,0.24435631403937474
1642,0.8446661908514721
1643,0.8203833755350942
1644,0.19280063647857937
1645,0.9210016127483649
1646,0.4825383242083306
1647,0.856208126032348
1648,0.8120657963464472
1649,0.6687904382645297
1650,0.21071318846714376
1651,0.827945907559627
1652,0.901970669722451
1653,0.23057742558504696
1654,0.6928931387168247
1655,0.16333752317529687
1656,0.7667714477973047
1657,0.7886335391089772
1658,0.9142880080732709
1659,0.1525306357482414
1660,0.9035909924598009
1661,0.22715726074470072
1662,0.4154477391606164
1663,0.46144473968317795
1664,0.7023938937699772
1665,0.6309704618643346
1666,0.38040910886180207
1667,0.8771859811285503
1668,0.2285100656381584
1669,0.8321850347106332
1670,0.6811864046655846
1671,0.153265441901752
1672,0.8833121143409817
1673,0.3348381153866312
1674,0.13277837459840922
1675,0.4305062039033848
1676,0.8030166414550037
1677,0.15990749565841086
1678,0.8051664669651822
1679,0.7495785009413913
1680,0.296032850156285
1681,0.9411566633613413
1682,0.7354232217060547
1683,0.903338992374273
1684,0.5329133842576339
1685,0.8509707598492655
1686,0.14193042294949262
1687,0.8469231074118871
1688,0.6211648328824402
1689,0.7135082180917661
1690,0.8393002076532523
1691,0.6516804272720903
1692,0.45431847750100374
1693,0.2546219852483925
1694,0.7643007626112251
1695,0.8605818119602511
1696,0.08758063452740389
1697,0.8244540964724284
1698,0.12948135220166704
1699,0.07589772326146736
1700,0.12412887675404553
1701,0.7064185556070072
1702,0.907658538787749
1703,0.2154999092222333
1704,0.7218830600631767
1705,0.31744987375162254
1706,0.6711960783055376
1707,0.8683397338427753
1708,0.18754275370778745
1709,0.7824705882311547
1710,0.2797013541984393
1711,0.306219993901684
1712,0.5268735947189803
1713,0.12500156855664155
1714,0.30225161191298144
1715,0.15798648255398917
1716,0.14021545703407862
1717,0.8085269585698435
1718,0.9269703148343712
1719,0.8797938331366739
1720,0.20515387069341745
1721,0.14434288012492907
1722,0.09226814436069261
1723,0.6642173200654592
1724,0.5217293284566213
1725,0.23991901623907003
1726,0.835174171077563
1727,0.9335886672084318
1728,0.7573938044292955
1729,0.8905494669357292
1730,0.7668886760200414
1731,0.3410468836768212
1732,0.2596630459974957
1733,0.8946876275000367
1734,0.8546256479235637
1735,0.7541287085176841
1736,0.9491438953471102
1737,0.4586700959655765
1738,0.9061283264887015
1739,0.8216627853967363
1740,0.8998146152949005
1741,0.8248975093214095
1742,0.4716054333720921
1743,0.657362609136575
1744,0.2826892466703294
1745,0.19428274155146572
1746,0.133150746544702
1747,0.17814343549596998
1748,0.8011048353560577
1749,0.825629701605058
1750,0.2883822240557129
1751,0.8180256845067375
1752,0.9002998827621727
1753,0.6147222296918925
1754,0.5105079683703642
1755,0.3460355378785516
1756,0.7999201658139263
1757,0.2761125117411426
1758,0.1083236712915282
1759,0.7621587079675691
1760,0.7845861597330451
1761,0.6661195099946652
1762,0.8444066780805616
1763,0.27419835868114195
1764,0.45212657067733775
1765,0.8145724955382905
1766,0.8683563662978908
1767,0.3578927101957618
1768,0.5099661173063146
1769,0.9244356255641984
1770,0.6497390333977315
1771,0.7798930229602417
1772,0.8756210704393083
1773,0.7987021242687513
1774,0.5045952042864074
1775,0.23176018352469155
1776,0.8223446675611772
1777,0.11606138273288365
1778,0.8454015350978602
1779,0.05978139173077624
1780,0.37921291306538507
1781,0.8382701340148527
1782,0.8643478043752433
1783,0.21902410000626704
1784,0.7145761272258783
1785,0.3377257201244572
1786,0.11297092688977167
1787,0.595890464634277
1788,0.2645623521516842
1789,0.4071342129323348
1790,0.2754916405106909
1791,0.22423123505759002
1792,0.7932556909232306
1793,0.8852768418511293
1794,0.4944223132644884
1795,0.0983269508958079
1796,0.6011437587372114
1797,0.3075831986834257
1798,0.5571651405932235
1799,0.789461305826316
1800,0.35013218685851527
1801,0.9142012787634437
1802,0.47886766773378125
1803,0.42629283984774297
1804,0.2715593416101525
1805,0.8362283323784085
1806,0.7790364295757222
1807,0.7757916304940484
1808,0.3045456895475193
1809,0.6360626884281898
1810,0.8384368093119977
1811,0.8882008891777853
1812,0.5569323046744004
1813,0.3427296605718021
1814,0.5726432627629752
1815,0.8815856730027867
1816,0.7726322112599522
1817,0.7086070303562363
1818,0.29448979028462535
1819,0.06657327079262426
1820,0.2861227746426866
1821,0.333516097802948
1822,0.37372570020769097
1823,0.8418714794051703
1824,0.8473912583597816
1825,0.9248056115965619
1826,0.9199892697364571
1827,0.7419482072075188
1828,0.8862609158516799
1829,0.41023450769425834
1830,0.888117737367935
1831,0.25632792346089134
1832,0.28530945055501555
1833,0.442085005534725
1834,0.7816901266602384
1835,0.5791325817057761
1836,0.6581503425857578
1837,0.22514455107811204
1838,0.17054877312701108
1839,0.9037675314538822
1840,0.6956016802791822
1841,0.19153628291756555
1842,0.8409739885379522
1843,0.8419983631537314
1844,0.18172441127469569
1845,0.6164461308157492
1846,0.07156761428518896
1847,0.823280531092884
1848,0.7375145450155794
1849,0.2973229035367865
1850,0.48617185335056007
1851,0.9160017510624835
1852,0.18098594793074718
1853,0.5344594592985278
1854,0.9315216123073992
1855,0.7179310265001577
1856,0.9159365152215961
1857,0.5124442318876693
1858,0.2048240608620058
1859,0.8058281973139543
1860,0.8465726415115261
1861,0.5002239217450372
1862,0.3090916708356732
1863,0.272509215426653
1864,0.8901525341406251
1865,0.7817378410264056
1866,0.7381619335103551
1867,0.7146980649895646
1868,0.8397967567326458
1869,0.9020328516122443
1870,0.498806304234201
1871,0.8884564767419012
1872,0.8919629808277916
1873,0.29523579825839663
1874,0.1634682790147595
1875,0.19297637152583264
1876,0.5726167179600538
1877,0.17264942703532277
1878,0.10000960404705413
1879,0.6182871982166157
1880,0.7433304231621445
1881,0.9338231793461799
1882,0.20573119024689157
1883,0.7791778369376254
1884,0.25027270730260537
1885,0.8530366130513872
1886,0.10398227987139172
1887,0.7698943839616205
1888,0.88759980837294
1889,0.9091139141477323
1890,0.09814175963698084
1891,0.7534420607871031
1892,0.7575534927800905
1893,0.7810740498641607
1894,0.42635250301905014
1895,0.5001274538971463
1896,0.6509124940142849
1897,0.8831223320347025
1898,0.39596261223522894
1899,0.9036271201590247
1900,0.15219103090130753
1901,0.9159128448263953
1902,0.7579233784410775
1903,0.474422832143209
1904,0.18754275370778745
1905,0.39019464620373306
1906,0.28964019928227114
1907,0.5785896814432377
1908,0.732678475406072
1909,0.8867288988416279
1910,0.43482038732296413
1911,0.1780847895321655
1912,0.8376786786455742
1913,0.1622621948708421
1914,0.6942659005127034
1915,0.7992112104681546
1916,0.3687239517163942
1917,0.18774268873779526
1918,0.23228902858856051
1919,0.6813243901502863
1920,0.5739538066162571
1921,0.8229251420935427
1922,0.57740000323659
1923,0.17347238246917646
1924,0.22481909087734642
1925,0.6365795223470824
1926,0.559414213860963
1927,0.3029943094106976
1928,0.7503971862115586
1929,0.804036673033511
1930,0.1789177953222132
1931,0.1811585422923556
1932,0.13647809033597016
1933,0.2225913022166655
1934,0.8486541497858733
1935,0.18163449475517018
1936,0.2875906065867099
1937,0.2738244921425199
1938,0.9017345534190887
1939,0.6247421241586947
1940,0.39634603952208725
1941,0.8171234357203269
1942,0.954998539625675
1943,0.7397524883424723
1944,0.7496359405624614
1945,0.1550122778503341
1946,0.2365416338861672
1947,0.4065513112343968
1948,0.6413660109828231
1949,0.2322191792880058
1950,0.6818533305228193
1951,0.8186808409258349
1952,0.15743737079895195
1953,0.9269703148343712
1954,0.10879739559055414
1955,0.8351318733355344
1956,0.3976569494839085
1957,0.5073552246100146
1958,0.16024570289957854
1959,0.8030691227243787
1960,0.6821446022337629
1961,0.14604034786671566
1962,0.0702831705265324
1963,0.39285655578835765
1964,0.6106521537950054
1965,0.585021702558095
1966,0.1804038909629729
1967,0.8513423264349785
1968,0.13555716456431735
1969,0.8222719491831357
1970,0.1770785328287408
1971,0.746738613439781
1972,0.9225446901852226
1973,0.9501855816698282
1974,0.4890926222355394
1975,0.7573768586371168
1976,0.5610768510980458
1977,0.20939574701374994
1978,0.8201590178510799
1979,0.10281148415629207
1980,0.7584866474722566
1981,0.8921623583757793
1982,0.3212206112861759
1983,0.4654048593510893
1984,0.1682054732677126
1985,0.4717235268745084
1986,0.9131402387311234
1987,0.40739645322715906
1988,0.27169700011042547
1989,0.9375474848718529
1990,0.4215557875874108
1991,0.36398221006301895
1992,0.9111950937859526
1993,0.583840582355089
1994,0.31951860949846905
1995,0.5316713491128322
1996,0.851374878840738
1997,0.8729144740172147
1998,0.9006782625897813
1999,0.39454419920601036
2000,0.7765568817590469
2001,0.5412328590530436
2002,0.9293336135251073
2003,0.3316474647088743
2004,0.8934412159347476
2005,0.7451193713743308
2006,0.29115517988091266
2007,0.15002055719699695
2008,0.9003478497522435
2009,0.2813917782887575
2010,0.1014113091676531
2011,0.19955445258996135
2012,0.41274354756461834
2013,0.832437354660885
2014,0.8340780168090356
2015,0.8788961828019854
2016,0.7725024355068226
2017,0.32348664034424496
2018,0.7202966152159712
2019,0.6211066365593855
2020,0.9201912072224099
2021,0.2677411218989729
2022,0.9391759871553237
2023,0.40380313551579283
2024,0.22410366937584852
2025,0.7371127030628671
2026,0.08269160805947273
2027,0.1358240002496174
2028,0.10764832706507513
2029,0.1682579564186943
2030,0.9045113857468997
2031,0.6139675647718181
2032,0.8758487053736279
2033,0.5311903790295771
2034,0.17066658538677767
2035,0.8576257643786251
2036,0.8906222623574443
2037,0.13056524778065054
2038,0.6123837228655385
2039,0.8223115761310406
2040,0.7824366326321708
2041,0.705846479532778
2042,0.3523287992021383
2043,0.2666458329030952
2044,0.3776722019480563
2045,0.4798789352634833
2046,0.6835968905753824
2047,0.9056083990994461
2048,0.7729934356229259
2049,0.21769555614678673
2050,0.1633102050727253
2051,0.20428454326425471
2052,0.9340119053440883
2053,0.7592618946652839
2054,0.44008386405981076
2055,0.8140225921335568
2056,0.5434788759603874
2057,0.8594789067528692
2058,0.7299925855162078
2059,0.8071498417137872
2060,0.5487033232706028
2061,0.8670516248758141
2062,0.8436612998209779
2063,0.7153564491048247
2064,0.17585107772069455
2065,0.11564653323031976
2066,0.7219657394762623
2067,0.6012605427207328
2068,0.7856601160130955
2069,0.7585815885127325
2070,0.9163391184657887
2071,0.1525491983143836
2072,0.6307376520528503
2073,0.7912591424432822
2074,0.9269703148343712
2075,0.18298098685225028
2076,0.9036271201590247
2077,0.3068167614826837
2078,0.8689177237178785
2079,0.7868821534019519
2080,0.7139228619506361
2081,0.7753050654554383
2082,0.22279373404895866
2083,0.6821338934245483
2084,0.9241142434019286
2085,0.20269926795000417
2086,0.34646482072382595
2087,0.12611005760500207
2088,0.19592024958916257
2089,0.4551345665827611
2090,0.2518197175876831
2091,0.17688271439617
2092,0.4953330768215664
2093,0.20748345266798107
2094,0.1540392347519018
2095,0.7003211713230449
2096,0.64480204711948
2097,0.9490716688087091
2098,0.8496962484205931
2099,0.8388104135008011
2100,0.8709896026726138
2101,0.5487048724528809
2102,0.24191530461384714
2103,0.8177187407331423
2104,0.7699118940316819
2105,0.6562269530813779
2106,0.19946350838877133
2107,0.8621015087653472
2108,0.9093400427273054
2109,0.8300771198360819
2110,0.8160405990458585
2111,0.6369630138749747
2112,0.4839212711507458
2113,0.7363937447682505
2114,0.35144806125125594
2115,0.29579926088355113
2116,0.17527602655729463
2117,0.8230062084428397
2118,0.0998867125131295
2119,0.28511857524089734
2120,0.8754636298119306
2121,0.794950110877151
2122,0.7986892310176469
2123,0.6177351296835774
2124,0.27251326177073526
2125,0.8880417994912834
2126,0.16194965868852704
2127,0.869364567454629
2128,0.6769907008042123
2129,0.9278285290484477
2130,0.3579006705801263
2131,0.8527905795985815
2132,0.25768979951718546
2133,0.19059321179948616
2134,0.8098340933103891
2135,0.7971432232778347
2136,0.22102183337674003
2137,0.7733156240282789
2138,0.8068916830311919
2139,0.8642670160082534
2140,0.1147821376514104
2141,0.361708200786148
2142,0.7499154982836912
2143,0.7000425930869124
2144,0.21994477203116652
2145,0.21888110012525683
2146,0.9257616792743427
2147,0.6458540157078283
2148,0.7926306840619602
2149,0.28672382188845985
2150,0.17753809190476721
2151,0.22346673996675076
2152,0.31370810960662965
2153,0.32806230951932935
2154,0.789461305826316
2155,0.7800692951273948
2156,0.1708859276643286
2157,0.20473241713750068
2158,0.8428913330223351
2159,0.7746793654211362
2160,0.7441134294251841
2161,0.8660477268172695
2162,0.8780087875279127
2163,0.8711492993602746
2164,0.7854099118902841
2165,0.7096946775808882
2166,0.7297580381679637
2167,0.888656860014516
2168,0.15250304559768307
2169,0.07660223867517908
2170,0.7310085940076589
2171,0.7636140929818641
2172,0.9550826096471077
2173,0.18316735498864098
2174,0.08131102467508046
2175,0.10642128373652888
2176,0.6549741245219463
2177,0.3547903802874966
2178,0.17507750923303655
2179,0.3632639108267201
2180,0.8790400324184559
2181,0.7733156240282789
2182,0.6693846531259443
2183,0.9413683406402368
2184,0.170499926226865
2185,0.38019016631666575
2186,0.28956547620022705
2187,0.1105782880665299
2188,0.9059106672474007
2189,0.44706394154469536
2190,0.8296933151166479
2191,0.15221150411210624
2192,0.34471820404557235
2193,0.627267613161067
2194,0.13876322974316452
2195,0.20618566317867637
2196,0.7482020047859763
2197,0.1274312714479988
2198,0.12245394734968267
2199,0.8494127861002361
2200,0.8753205082133895
2201,0.9351528139038274
2202,0.8086419947902937
2203,0.21495282734573995
2204,0.7819233912149167
2205,0.1941534568587869
2206,0.2522482236657947
2207,0.3469994328665103
2208,0.9615318100702709
2209,0.20158350858850788
2210,0.3154614335411346
2211,0.8496936129460279
2212,0.7419277604776627
2213,0.8682121970278379
2214,0.5562776432441295
2215,0.8501673659196582
2216,0.8471152579742146
2217,0.8719924524314059
2218,0.17401559836047428
2219,0.8055856391487666
2220,0.8964020857416514
2221,0.40620931585258896
2222,0.7979994523357614
2223,0.8907672905828066
2224,0.06331608864809889
2225,0.0895296977387715
2226,0.292556960326369
2227,0.22652569230174913
2228,0.7698290265589698
2229,0.18949713681785882
2230,0.7733156240282789
2231,0.7953887709697915
2232,0.07815079052093693
2233,0.9409210915056531
2234,0.612136785425203
2235,0.4969303636181909
2236,0.11685504750609521
2237,0.17333240257185267
2238,0.37482326480096406
2239,0.9086210090986665
2240,0.1513245706832787
2241,0.8388891785017877
2242,0.9225340940345081
2243,0.2587890024822256
2244,0.9034817006512152
2245,0.8189857766047032
2246,0.4818115148892569
2247,0.5456377928263976
2248,0.7766731158521243
2249,0.8079139912379603
2250,0.6318414638894987
2251,0.45356485223887605
2252,0.10086291946789228
2253,0.35732873448565794
2254,0.7189245505972693
2255,0.7551581268781604
2256,0.8364841030198806
2257,0.10528300294102459
2258,0.7936648245788567
2259,0.5073222999804854
2260,0.8116757192441058
2261,0.6953681232163889
2262,0.09570471663150631
2263,0.17039450343231244
2264,0.15446544243295948
2265,0.687630307866658
2266,0.8481375149825273
2267,0.780224333773241
2268,0.6623062582627322
2269,0.18893511281375114
2270,0.37905049436184046
2271,0.8344502572529713
2272,0.595974861826442
2273,0.5870724347277038
2274,0.31128803776003144
2275,0.6221580932643919
2276,0.7474409463813896
2277,0.1589315492988861
2278,0.8211321773120367
2279,0.4156750035497037
2280,0.167237840504561
2281,0.13646209721119945
2282,0.18706187040631422
2283,0.207105554702312
2284,0.18844237007018144
2285,0.26593084620609053
2286,0.26500395802366067
2287,0.19619524521396156
2288,0.8520503328364428
2289,0.9022288084538941
2290,0.8535778605943806
2291,0.8590271433730624
2292,0.2478562805442712
2293,0.9539421554817651
2294,0.7703775647979908
2295,0.6932664380239387
2296,0.3674402012494881
2297,0.14053054365764564
2298,0.770596082140307
2299,0.1907728120506701
2300,0.9229081166460543
2301,0.15696489294387153
2302,0.827525092183412
2303,0.7835609496605255
2304,0.6454010391580846
2305,0.6497941446974864
2306,0.8381487354524448
2307,0.7250363796309467
2308,0.15675943079011992
2309,0.907658538787749
2310,0.8049570113755533
2311,0.2175598638186522
2312,0.5926013964158803
2313,0.9149174665115873
2314,0.7574761837118943
2315,0.6856262042887855
2316,0.5299266377073494
2317,0.058453189450289704
2318,0.7210018670782977
2319,0.8506284617014619
2320,0.28712394519103224
2321,0.7434285605434222
2322,0.6120776900617547
2323,0.1301009308310566
2324,0.9267708227868972
2325,0.05371725344653642
2326,0.8737079487023646
2327,0.7710649545485795
2328,0.7882465089292819
2329,0.4557129328118952
2330,0.3023596296620528
2331,0.35618647244498997
2332,0.21945694603852825
2333,0.809296896270426
2334,0.44942211149895883
2335,0.5981019432053718
2336,0.9256877437815376
2337,0.20624282276449565
2338,0.7948524005447979
2339,0.26347342190109235
2340,0.7405096766740531
2341,0.8376477259410864
2342,0.8406654122397804
2343,0.89862802886064
2344,0.6051306648604844
2345,0.7509697561913964
2346,0.7495694666709761
2347,0.49497581543296343
2348,0.4662367344138864
2349,0.21910372658551852
2350,0.12126562853187807
2351,0.6810801687533852
2352,0.1777165539946126
2353,0.20319619993419
2354,0.6490230539460432
2355,0.4178126959015606
2356,0.15923173485624428
2357,0.8449223056615802
2358,0.18839864715772656
2359,0.8872166585668836
2360,0.8406100134029828
2361,0.6798668266067033
2362,0.5240548215651796
2363,0.8504752959871755
2364,0.16237325048034496
2365,0.18627665204605592
2366,0.8505540842771678
2367,0.8316376483352464
2368,0.474097728378633
2369,0.8020631704971544
2370,0.8180026842252771
2371,0.6985476847785549
2372,0.8713946560511222
2373,0.15881537216025796
2374,0.3495599991759257
2375,0.28318806864085777
2376,0.8555492302008941
2377,0.12229830057305051
2378,0.33634157428218353
2379,0.16355012383985795
2380,0.8494127861002361
2381,0.1278071409336957
2382,0.19570202799215355
2383,0.708132352617096
2384,0.6570306892509229
2385,0.16084598385720236
2386,0.39434760514564426
2387,0.12720474862003295
2388,0.2473311601970224
2389,0.23343364270621186
2390,0.877173849225408
2391,0.8799651094293883
2392,0.14432759545248078
2393,0.9248056115965619
2394,0.8996424943810442
2395,0.32752582472691466
2396,0.8430406740543667
2397,0.10030842633112566
2398,0.17226173730161318
2399,0.6080016066631336
2400,0.8284627092285735
2401,0.678291803349737
2402,0.7432171096283207
2403,0.18994234586003927
2404,0.7155212166043383
2405,0.8024215853071379
2406,0.9347381557626975
2407,0.6481901732611481
2408,0.8662837063950728
2409,0.9161225464079752
2410,0.7252221360513829
2411,0.9291334737651483
2412,0.2692433448965101
2413,0.8149876631270214
2414,0.25270837407959174
2415,0.2873805766203995
2416,0.8376706137855696
2417,0.6213992042129712
2418,0.8348626989680054
2419,0.17597210183789527
2420,0.568232228955797
2421,0.10545739790507011
2422,0.24432583032295968
2423,0.45501259707264735
2424,0.8896044532694071
2425,0.48180357682938696
2426,0.7208349653368292
2427,0.17534254817340122
2428,0.8183858559195736
2429,0.6710432181487588
2430,0.8862516081981914
2431,0.45644269986310704
2432,0.31791356541699756
2433,0.3836534727821862
2434,0.38239116670059714
2435,0.11746235523068596
2436,0.27037037802873065
2437,0.18789065727404675
2438,0.10139842806683386
2439,0.826147964318501
2440,0.8512385489033554
2441,0.8678130811254767
2442,0.15443356134115613
2443,0.09647537250442632
2444,0.7631190494248697
2445,0.8114838184850302
2446,0.6330897950461678
2447,0.8608161619278967
2448,0.22584747280982923
2449,0.6896994895850587
2450,0.2076491229924364
2451,0.18130121394561047
2452,0.14194778903681765
2453,0.18771224863156225
2454,0.7731492488994769
2455,0.08691512060700558
2456,0.18203201320555865
2457,0.7610331264019756
2458,0.49210755083045526
2459,0.3675255940000074
2460,0.9018440994197139
2461,0.8616414819291887
2462,0.7793868363641945
2463,0.9142012787634437
2464,0.9515067928693286
2465,0.6288480940622687
2466,0.89862802886064
2467,0.883008457881777
2468,0.13661444910288173
2469,0.5942265139972439
2470,0.1133446971067115
2471,0.8568850531277555
2472,0.5507358589891221
2473,0.7270083388626546
2474,0.27383958353590626
2475,0.21217025227127803
2476,0.8951185854183085
2477,0.35675520384042236
2478,0.36384254613464406
2479,0.762520806702659
2480,0.797652213761487
2481,0.19183010152958893
2482,0.7963157933174662
2483,0.17173763049629712
2484,0.7658925154457404
2485,0.5798143556971476
2486,0.921267555713895
2487,0.18979121679815
2488,0.4861076004992882
2489,0.8504752959871755
2490,0.3934280075813147
2491,0.826664096707346
2492,0.9440028731157374
2493,0.9257782493827992
2494,0.7365209707491577
2495,0.7613499092810345
2496,0.2498836008261272
2497,0.7571433922441582
2498,0.19228803708518918
2499,0.8705971495325586
2500,0.7668886760200414
2501,0.30534501644862533
